<?xml version="1.0" encoding="UTF-8"?>
<project-private xmlns="http://www.netbeans.org/ns/project-private/1">
    <editor-bookmarks xmlns="http://www.netbeans.org/ns/editor-bookmarks/2" lastBookmarkId="0"/>
    <open-files xmlns="http://www.netbeans.org/ns/projectui-open-files/2">
        <group>
            <file>file:/home/redouane/Dropbox/Cours/Formations/38-Gestion_Cabinet_Medical/Cabinet_gastro/src/utils/Util.java</file>
            <file>file:/home/redouane/Dropbox/Cours/Formations/38-Gestion_Cabinet_Medical/Cabinet_gastro/src/Data/LigneOrdonannce.java</file>
            <file>file:/home/redouane/Dropbox/Cours/Formations/38-Gestion_Cabinet_Medical/Cabinet_gastro/src/IHM/Home.java</file>
            <file>file:/home/redouane/Dropbox/Cours/Formations/38-Gestion_Cabinet_Medical/Cabinet_gastro/src/Data/RendezVous.java</file>
            <file>file:/home/redouane/Dropbox/Cours/Formations/38-Gestion_Cabinet_Medical/Cabinet_gastro/src/utils/DateUtil.java</file>
            <file>file:/home/redouane/Dropbox/Cours/Formations/38-Gestion_Cabinet_Medical/Cabinet_gastro/src/Data/User.java</file>
            <file>file:/home/redouane/Dropbox/Cours/Formations/38-Gestion_Cabinet_Medical/Cabinet_gastro/src/IHM/LogIn.java</file>
            <file>file:/home/redouane/Dropbox/Cours/Formations/38-Gestion_Cabinet_Medical/Cabinet_gastro/src/dbase/Bdd.java</file>
            <file>file:/home/redouane/Dropbox/Cours/Formations/38-Gestion_Cabinet_Medical/Cabinet_gastro/src/IHM/OrdonanceDlg.java</file>
            <file>file:/home/redouane/Dropbox/Cours/Formations/38-Gestion_Cabinet_Medical/Cabinet_gastro/src/Data/Patient.java</file>
            <file>file:/home/redouane/Dropbox/Cours/Formations/38-Gestion_Cabinet_Medical/Cabinet_gastro/src/Data/Consultation.java</file>
        </group>
    </open-files>
</project-private>
