<?xml version="1.0" encoding="UTF-8"?>
<project-private xmlns="http://www.netbeans.org/ns/project-private/1">
    <editor-bookmarks xmlns="http://www.netbeans.org/ns/editor-bookmarks/2" lastBookmarkId="0"/>
    <open-files xmlns="http://www.netbeans.org/ns/projectui-open-files/2">
        <group>
            <file>file:/home/redouane/Dropbox/Cours/Formations/38-Gestion_Cabinet_Medical/Doctor/src/IHM/Home.java</file>
            <file>file:/home/redouane/Dropbox/Cours/Formations/38-Gestion_Cabinet_Medical/Doctor/src/IHM/MainScreen.java</file>
            <file>file:/home/redouane/Dropbox/Cours/Formations/38-Gestion_Cabinet_Medical/Doctor/src/IHM/LogIn.java</file>
            <file>file:/home/redouane/Dropbox/Cours/Formations/38-Gestion_Cabinet_Medical/Doctor/src/IHM/DossierPatient.java</file>
        </group>
    </open-files>
</project-private>
